texto,tema
El acusado fue condenado por homicidio agravado,penal
Investigación por tráfico de estupefacientes,penal
Captura por porte ilegal de armas,penal
Proceso por violencia intrafamiliar,penal
Demanda por incumplimiento de contrato,civil
Proceso de responsabilidad civil extracontractual,civil
Litigio sobre propiedad privada,civil
Disputa por contrato de arrendamiento,civil
Despido injustificado del trabajador,laboral
Reclamación por liquidación laboral,laboral
Proceso por acoso laboral,laboral
Solicitud de pago de prestaciones sociales,laboral
Custodia y alimentos del menor,familia
Proceso de divorcio contencioso,familia
Solicitud de patria potestad,familia
Demanda por violencia familiar,familia
Se registra un el acusado fue condenado por homicidio agravado,penal
Existe un nuevo el acusado fue condenado por homicidio agravado,penal
Reporte de el acusado fue condenado por homicidio agravado,penal
Inicia el el acusado fue condenado por homicidio agravado,penal
Fallo sobre el el acusado fue condenado por homicidio agravado,penal
Sentencia de el acusado fue condenado por homicidio agravado,penal
Se analiza el el acusado fue condenado por homicidio agravado,penal
Radicado de el acusado fue condenado por homicidio agravado,penal
Expediente de el acusado fue condenado por homicidio agravado,penal
Documento sobre el acusado fue condenado por homicidio agravado,penal
Notificación de el acusado fue condenado por homicidio agravado,penal
Audiencia por el acusado fue condenado por homicidio agravado,penal
Se registra un investigación por tráfico de estupefacientes,penal
Existe un nuevo investigación por tráfico de estupefacientes,penal
Reporte de investigación por tráfico de estupefacientes,penal
Inicia el investigación por tráfico de estupefacientes,penal
Fallo sobre el investigación por tráfico de estupefacientes,penal
Sentencia de investigación por tráfico de estupefacientes,penal
Se analiza el investigación por tráfico de estupefacientes,penal
Radicado de investigación por tráfico de estupefacientes,penal
Expediente de investigación por tráfico de estupefacientes,penal
Documento sobre investigación por tráfico de estupefacientes,penal
Notificación de investigación por tráfico de estupefacientes,penal
Audiencia por investigación por tráfico de estupefacientes,penal
Se registra un captura por porte ilegal de armas,penal
Existe un nuevo captura por porte ilegal de armas,penal
Reporte de captura por porte ilegal de armas,penal
Inicia el captura por porte ilegal de armas,penal
Fallo sobre el captura por porte ilegal de armas,penal
Sentencia de captura por porte ilegal de armas,penal
Se analiza el captura por porte ilegal de armas,penal
Radicado de captura por porte ilegal de armas,penal
Expediente de captura por porte ilegal de armas,penal
Documento sobre captura por porte ilegal de armas,penal
Notificación de captura por porte ilegal de armas,penal
Audiencia por captura por porte ilegal de armas,penal
Se registra un proceso por violencia intrafamiliar,penal
Existe un nuevo proceso por violencia intrafamiliar,penal
Reporte de proceso por violencia intrafamiliar,penal
Inicia el proceso por violencia intrafamiliar,penal
Fallo sobre el proceso por violencia intrafamiliar,penal
Sentencia de proceso por violencia intrafamiliar,penal
Se analiza el proceso por violencia intrafamiliar,penal
Radicado de proceso por violencia intrafamiliar,penal
Expediente de proceso por violencia intrafamiliar,penal
Documento sobre proceso por violencia intrafamiliar,penal
Notificación de proceso por violencia intrafamiliar,penal
Audiencia por proceso por violencia intrafamiliar,penal
Se registra un demanda por incumplimiento de contrato,civil
Existe un nuevo demanda por incumplimiento de contrato,civil
Reporte de demanda por incumplimiento de contrato,civil
Inicia el demanda por incumplimiento de contrato,civil
Fallo sobre el demanda por incumplimiento de contrato,civil
Sentencia de demanda por incumplimiento de contrato,civil
Se analiza el demanda por incumplimiento de contrato,civil
Radicado de demanda por incumplimiento de contrato,civil
Expediente de demanda por incumplimiento de contrato,civil
Documento sobre demanda por incumplimiento de contrato,civil
Notificación de demanda por incumplimiento de contrato,civil
Audiencia por demanda por incumplimiento de contrato,civil
Se registra un proceso de responsabilidad civil extracontractual,civil
Existe un nuevo proceso de responsabilidad civil extracontractual,civil
Reporte de proceso de responsabilidad civil extracontractual,civil
Inicia el proceso de responsabilidad civil extracontractual,civil
Fallo sobre el proceso de responsabilidad civil extracontractual,civil
Sentencia de proceso de responsabilidad civil extracontractual,civil
Se analiza el proceso de responsabilidad civil extracontractual,civil
Radicado de proceso de responsabilidad civil extracontractual,civil
Expediente de proceso de responsabilidad civil extracontractual,civil
Documento sobre proceso de responsabilidad civil extracontractual,civil
Notificación de proceso de responsabilidad civil extracontractual,civil
Audiencia por proceso de responsabilidad civil extracontractual,civil
Se registra un litigio sobre propiedad privada,civil
Existe un nuevo litigio sobre propiedad privada,civil
Reporte de litigio sobre propiedad privada,civil
Inicia el litigio sobre propiedad privada,civil
Fallo sobre el litigio sobre propiedad privada,civil
Sentencia de litigio sobre propiedad privada,civil
Se analiza el litigio sobre propiedad privada,civil
Radicado de litigio sobre propiedad privada,civil
Expediente de litigio sobre propiedad privada,civil
Documento sobre litigio sobre propiedad privada,civil
Notificación de litigio sobre propiedad privada,civil
Audiencia por litigio sobre propiedad privada,civil
Se registra un disputa por contrato de arrendamiento,civil
Existe un nuevo disputa por contrato de arrendamiento,civil
Reporte de disputa por contrato de arrendamiento,civil
Inicia el disputa por contrato de arrendamiento,civil
Fallo sobre el disputa por contrato de arrendamiento,civil
Sentencia de disputa por contrato de arrendamiento,civil
Se analiza el disputa por contrato de arrendamiento,civil
Radicado de disputa por contrato de arrendamiento,civil
Expediente de disputa por contrato de arrendamiento,civil
Documento sobre disputa por contrato de arrendamiento,civil
Notificación de disputa por contrato de arrendamiento,civil
Audiencia por disputa por contrato de arrendamiento,civil
Se registra un despido injustificado del trabajador,laboral
Existe un nuevo despido injustificado del trabajador,laboral
Reporte de despido injustificado del trabajador,laboral
Inicia el despido injustificado del trabajador,laboral
Fallo sobre el despido injustificado del trabajador,laboral
Sentencia de despido injustificado del trabajador,laboral
Se analiza el despido injustificado del trabajador,laboral
Radicado de despido injustificado del trabajador,laboral
Expediente de despido injustificado del trabajador,laboral
Documento sobre despido injustificado del trabajador,laboral
Notificación de despido injustificado del trabajador,laboral
Audiencia por despido injustificado del trabajador,laboral
Se registra un reclamación por liquidación laboral,laboral
Existe un nuevo reclamación por liquidación laboral,laboral
Reporte de reclamación por liquidación laboral,laboral
Inicia el reclamación por liquidación laboral,laboral
Fallo sobre el reclamación por liquidación laboral,laboral
Sentencia de reclamación por liquidación laboral,laboral
Se analiza el reclamación por liquidación laboral,laboral
Radicado de reclamación por liquidación laboral,laboral
Expediente de reclamación por liquidación laboral,laboral
Documento sobre reclamación por liquidación laboral,laboral
Notificación de reclamación por liquidación laboral,laboral
Audiencia por reclamación por liquidación laboral,laboral
Se registra un proceso por acoso laboral,laboral
Existe un nuevo proceso por acoso laboral,laboral
Reporte de proceso por acoso laboral,laboral
Inicia el proceso por acoso laboral,laboral
Fallo sobre el proceso por acoso laboral,laboral
Sentencia de proceso por acoso laboral,laboral
Se analiza el proceso por acoso laboral,laboral
Radicado de proceso por acoso laboral,laboral
Expediente de proceso por acoso laboral,laboral
Documento sobre proceso por acoso laboral,laboral
Notificación de proceso por acoso laboral,laboral
Audiencia por proceso por acoso laboral,laboral
Se registra un solicitud de pago de prestaciones sociales,laboral
Existe un nuevo solicitud de pago de prestaciones sociales,laboral
Reporte de solicitud de pago de prestaciones sociales,laboral
Inicia el solicitud de pago de prestaciones sociales,laboral
Fallo sobre el solicitud de pago de prestaciones sociales,laboral
Sentencia de solicitud de pago de prestaciones sociales,laboral
Se analiza el solicitud de pago de prestaciones sociales,laboral
Radicado de solicitud de pago de prestaciones sociales,laboral
Expediente de solicitud de pago de prestaciones sociales,laboral
Documento sobre solicitud de pago de prestaciones sociales,laboral
Notificación de solicitud de pago de prestaciones sociales,laboral
Audiencia por solicitud de pago de prestaciones sociales,laboral
Se registra un custodia y alimentos del menor,familia
Existe un nuevo custodia y alimentos del menor,familia
Reporte de custodia y alimentos del menor,familia
Inicia el custodia y alimentos del menor,familia
Fallo sobre el custodia y alimentos del menor,familia
Sentencia de custodia y alimentos del menor,familia
Se analiza el custodia y alimentos del menor,familia
Radicado de custodia y alimentos del menor,familia
Expediente de custodia y alimentos del menor,familia
Documento sobre custodia y alimentos del menor,familia
Notificación de custodia y alimentos del menor,familia
Audiencia por custodia y alimentos del menor,familia
Se registra un proceso de divorcio contencioso,familia
Existe un nuevo proceso de divorcio contencioso,familia
Reporte de proceso de divorcio contencioso,familia
Inicia el proceso de divorcio contencioso,familia
Fallo sobre el proceso de divorcio contencioso,familia
Sentencia de proceso de divorcio contencioso,familia
Se analiza el proceso de divorcio contencioso,familia
Radicado de proceso de divorcio contencioso,familia
Expediente de proceso de divorcio contencioso,familia
Documento sobre proceso de divorcio contencioso,familia
Notificación de proceso de divorcio contencioso,familia
Audiencia por proceso de divorcio contencioso,familia
Se registra un solicitud de patria potestad,familia
Existe un nuevo solicitud de patria potestad,familia
Reporte de solicitud de patria potestad,familia
Inicia el solicitud de patria potestad,familia
Fallo sobre el solicitud de patria potestad,familia
Sentencia de solicitud de patria potestad,familia
Se analiza el solicitud de patria potestad,familia
Radicado de solicitud de patria potestad,familia
Expediente de solicitud de patria potestad,familia
Documento sobre solicitud de patria potestad,familia
Notificación de solicitud de patria potestad,familia
Audiencia por solicitud de patria potestad,familia
Se registra un demanda por violencia familiar,familia
Existe un nuevo demanda por violencia familiar,familia
Reporte de demanda por violencia familiar,familia
Inicia el demanda por violencia familiar,familia
Fallo sobre el demanda por violencia familiar,familia
Sentencia de demanda por violencia familiar,familia
Se analiza el demanda por violencia familiar,familia
Radicado de demanda por violencia familiar,familia
Expediente de demanda por violencia familiar,familia
Documento sobre demanda por violencia familiar,familia
Notificación de demanda por violencia familiar,familia
Audiencia por demanda por violencia familiar,familia
